"","x"
"1","abl"
"2","absolut"
"3","account"
"4","acid"
"5","act"
"6","activ"
"7","actual"
"10","address"
"11","affect"
"14","agora"
"15","agre"
"16","allow"
"17","almost"
"19","alreadi"
"20","alway"
"21","amaz"
"23","among"
"24","amount"
"27","anoth"
"29","anyon"
"30","anyth"
"31","anywher"
"33","arriv"
"34","ask"
"35","attent"
"36","australia"
"37","australian"
"38","authent"
"39","avail"
"40","averag"
"41","away"
"42","awesom"
"43","back"
"44","bag"
"46","base"
"48","beauti"
"49","becom"
"50","believ"
"53","better"
"55","big"
"56","bit"
"62","blue"
"64","bodi"
"65","bottl"
"66","box"
"67","brain"
"68","brand"
"69","break"
"70","bred"
"71","brick"
"72","bring"
"73","brown"
"77","build"
"78","bulk"
"81","buyer"
"83","california"
"84","call"
"85","canada"
"87","cant"
"89","card"
"90","care"
"91","case"
"92","caus"
"94","chanc"
"95","chang"
"97","cheaper"
"98","check"
"99","chees"
"103","choic"
"104","choos"
"106","class"
"110","close"
"111","coast"
"114","color"
"115","combin"
"116","common"
"117","compani"
"118","compar"
"119","complet"
"121","condit"
"122","consid"
"123","consist"
"124","contain"
"125","control"
"128","cost"
"129","countri"
"130","cover"
"132","creat"
"133","cross"
"137","cup"
"139","current"
"140","custom"
"141","cut"
"145","day"
"146","deal"
"147","definit"
"148","delici"
"149","deliv"
"150","dens"
"151","depend"
"152","deriv"
"153","describ"
"154","descript"
"155","design"
"156","detail"
"157","develop"
"161","differ"
"162","direct"
"163","disord"
"164","dispatch"
"166","domest"
"167","domin"
"168","domino"
"169","dont"
"172","dream"
"176","due"
"179","earli"
"180","earthi"
"181","easi"
"182","easili"
"184","effect"
"185","either"
"186","end"
"187","enjoy"
"188","enough"
"189","ensur"
"190","entir"
"194","even"
"195","ever"
"196","everi"
"197","everyon"
"198","evo"
"199","evolut"
"200","exact"
"201","excel"
"202","expect"
"209","fair"
"210","famili"
"211","famous"
"212","far"
"213","fast"
"214","favorit"
"215","featur"
"216","feedback"
"217","feel"
"219","find"
"220","fine"
"221","finest"
"222","fire"
"223","first"
"228","follow"
"229","form"
"230","found"
"231","free"
"233","friend"
"234","fruiti"
"235","full"
"236","fulli"
"237","generic"
"238","genet"
"239","genuin"
"240","get"
"241","girl"
"242","gold"
"243","got"
"246","great"
"249","group"
"253","guarante"
"254","guy"
"255","hair"
"256","half"
"257","hand"
"258","happi"
"264","head"
"265","heavi"
"266","hello"
"267","help"
"269","hey"
"270","high"
"271","highest"
"275","hour"
"276","hous"
"277","howev"
"280","import"
"281","includ"
"282","increas"
"283","incred"
"285","indoor"
"286","info"
"287","inform"
"291","interest"
"292","intern"
"293","introduc"
"294","ist"
"295","ive"
"296","jack"
"297","just"
"298","keep"
"300","kind"
"301","known"
"305","laid"
"306","larg"
"307","last"
"308","leav"
"311","less"
"312","let"
"313","level"
"315","like"
"318","link"
"320","littl"
"322","long"
"323","look"
"324","lose"
"325","lot"
"327","low"
"328","lower"
"330","made"
"332","mail"
"333","main"
"334","make"
"335","mani"
"336","manufactur"
"338","market"
"339","may"
"341","mean"
"345","messag"
"348","might"
"349","mind"
"350","mix"
"351","money"
"352","month"
"353","most"
"354","much"
"355","multipl"
"357","must"
"359","nbome"
"360","need"
"362","never"
"363","next"
"365","night"
"366","normal"
"368","note"
"369","now"
"370","nug"
"371","number"
"372","och"
"373","offer"
"376","open"
"378","orang"
"380","origin"
"382","outdoor"
"385","pack"
"386","packag"
"387","pain"
"388","part"
"389","parti"
"390","past"
"391","patient"
"392","pay"
"393","peopl"
"394","per"
"395","perfect"
"396","person"
"400","photo"
"401","pic"
"402","pick"
"403","pictur"
"404","pill"
"405","pink"
"406","place"
"407","plant"
"408","plus"
"410","polici"
"411","popular"
"412","posit"
"413","possibl"
"414","post"
"419","prefer"
"420","premium"
"421","present"
"422","press"
"423","pretti"
"424","prioriti"
"425","process"
"426","produc"
"427","product"
"428","profession"
"429","profil"
"430","promot"
"431","proper"
"432","proud"
"433","provid"
"436","purchas"
"439","purg"
"441","purpl"
"442","put"
"443","qualiti"
"444","quantiti"
"445","queri"
"446","quick"
"447","quit"
"448","rang"
"451","readi"
"453","real"
"454","realli"
"455","reason"
"456","receiv"
"457","recent"
"458","recommend"
"459","refund"
"460","regard"
"461","regular"
"462","relat"
"464","releas"
"465","replica"
"466","reput"
"467","request"
"468","research"
"469","reship"
"470","result"
"471","review"
"472","right"
"473","rock"
"474","roll"
"475","run"
"481","say"
"482","scout"
"483","seal"
"484","secur"
"486","seen"
"487","select"
"488","sell"
"489","seller"
"490","send"
"491","sent"
"492","servic"
"493","sever"
"494","shatter"
"495","shelf"
"497","short"
"498","show"
"499","side"
"500","silver"
"501","similar"
"502","sinc"
"503","singl"
"504","site"
"505","size"
"506","skunk"
"508","slight"
"509","small"
"515","sold"
"516","solid"
"517","someth"
"518","sometim"
"519","soon"
"520","sour"
"521","sourc"
"522","south"
"523","special"
"524","speed"
"525","standard"
"526","start"
"527","state"
"528","stay"
"531","sticki"
"532","still"
"534","stock"
"536","store"
"545","super"
"546","superman"
"549","sure"
"552","system"
"553","tab"
"555","taken"
"556","tast"
"557","team"
"558","tell"
"559","term"
"560","test"
"562","thank"
"563","that"
"566","think"
"567","time"
"568","today"
"569","top"
"570","total"
"571","track"
"572","treat"
"574","tri"
"577","true"
"579","type"
"581","und"
"582","uniqu"
"583","updat"
"584","usa"
"588","usual"
"591","varieti"
"592","vendor"
"593","version"
"594","via"
"598","watch"
"600","way"
"602","week"
"604","welcom"
"605","well"
"608","whole"
"609","wide"
"611","within"
"612","without"
"613","wonder"
"614","wont"
"615","work"
"616","world"
"617","worldwid"
"620","year"
"621","yellow"
"62","weve"
"62","wash"
"62","widow"
"62","strong"
"62","sweet"
"62","smooth"
"2","weight"